{
  "__inputs": [
    {
      "name": "DS_CRATEDB",
      "label": "CrateDB",
      "description": "",
      "type": "datasource",
      "pluginId": "grafana-postgresql-datasource",
      "pluginName": "PostgreSQL"
    }
  ],
  "__elements": {},
  "__requires": [
    {
      "type": "panel",
      "id": "bargauge",
      "name": "Bar gauge",
      "version": ""
    },
    {
      "type": "panel",
      "id": "canvas",
      "name": "Canvas",
      "version": ""
    },
    {
      "type": "panel",
      "id": "gauge",
      "name": "Gauge",
      "version": ""
    },
    {
      "type": "grafana",
      "id": "grafana",
      "name": "Grafana",
      "version": "10.4.1"
    },
    {
      "type": "datasource",
      "id": "grafana-postgresql-datasource",
      "name": "PostgreSQL",
      "version": "1.0.0"
    },
    {
      "type": "panel",
      "id": "orchestracities-map-panel",
      "name": "Orchestra Cities Map",
      "version": "1.4.4"
    },
    {
      "type": "panel",
      "id": "state-timeline",
      "name": "State timeline",
      "version": ""
    },
    {
      "type": "panel",
      "id": "timeseries",
      "name": "Time series",
      "version": ""
    }
  ],
  "annotations": {
    "list": [
      {
        "builtIn": 1,
        "datasource": {
          "type": "grafana",
          "uid": "-- Grafana --"
        },
        "enable": true,
        "hide": true,
        "iconColor": "rgba(0, 211, 255, 1)",
        "name": "Annotations & Alerts",
        "type": "dashboard"
      }
    ]
  },
  "editable": true,
  "fiscalYearStartMonth": 0,
  "graphTooltip": 0,
  "id": null,
  "links": [],
  "panels": [
    {
      "datasource": {
        "type": "grafana-postgresql-datasource",
        "uid": "${DS_CRATEDB}"
      },
      "fieldConfig": {
        "defaults": {
          "color": {
            "mode": "palette-classic"
          },
          "custom": {
            "axisBorderShow": false,
            "axisCenteredZero": false,
            "axisColorMode": "text",
            "axisLabel": "",
            "axisPlacement": "auto",
            "barAlignment": 0,
            "drawStyle": "line",
            "fillOpacity": 0,
            "gradientMode": "none",
            "hideFrom": {
              "legend": false,
              "tooltip": false,
              "viz": false
            },
            "insertNulls": false,
            "lineInterpolation": "smooth",
            "lineWidth": 1,
            "pointSize": 5,
            "scaleDistribution": {
              "type": "linear"
            },
            "showPoints": "auto",
            "spanNulls": 3600000,
            "stacking": {
              "group": "A",
              "mode": "none"
            },
            "thresholdsStyle": {
              "mode": "off"
            }
          },
          "mappings": [],
          "thresholds": {
            "mode": "absolute",
            "steps": [
              {
                "color": "green",
                "value": null
              },
              {
                "color": "red",
                "value": 80
              }
            ]
          },
          "unit": "lumens"
        },
        "overrides": [
          {
            "matcher": {
              "id": "byName",
              "options": "luminosity Lamp:001"
            },
            "properties": [
              {
                "id": "displayName",
                "value": "Lamp 1"
              }
            ]
          },
          {
            "matcher": {
              "id": "byName",
              "options": "luminosity Lamp:002"
            },
            "properties": [
              {
                "id": "displayName",
                "value": "Lamp 2"
              }
            ]
          },
          {
            "matcher": {
              "id": "byName",
              "options": "luminosity Lamp:003"
            },
            "properties": [
              {
                "id": "displayName",
                "value": "Lamp 3"
              }
            ]
          },
          {
            "matcher": {
              "id": "byName",
              "options": "luminosity Lamp:004"
            },
            "properties": [
              {
                "id": "displayName",
                "value": "Lamp 4"
              }
            ]
          }
        ]
      },
      "gridPos": {
        "h": 8,
        "w": 12,
        "x": 0,
        "y": 0
      },
      "id": 1,
      "options": {
        "legend": {
          "calcs": [
            "min",
            "max",
            "mean"
          ],
          "displayMode": "list",
          "placement": "bottom",
          "showLegend": true
        },
        "tooltip": {
          "mode": "single",
          "sort": "none"
        }
      },
      "targets": [
        {
          "datasource": {
            "type": "grafana-postgresql-datasource",
            "uid": "${DS_CRATEDB}"
          },
          "editorMode": "builder",
          "format": "time_series",
          "rawSql": "SELECT time_index AS \"time\", luminosity, entity_id FROM etlamp WHERE $__timeFilter(time_index) ORDER BY time_index ASC ",
          "refId": "A",
          "sql": {
            "columns": [
              {
                "alias": "\"time\"",
                "parameters": [
                  {
                    "name": "time_index",
                    "type": "functionParameter"
                  }
                ],
                "type": "function"
              },
              {
                "parameters": [
                  {
                    "name": "luminosity",
                    "type": "functionParameter"
                  }
                ],
                "type": "function"
              },
              {
                "parameters": [
                  {
                    "name": "entity_id",
                    "type": "functionParameter"
                  }
                ],
                "type": "function"
              }
            ],
            "groupBy": [
              {
                "property": {
                  "type": "string"
                },
                "type": "groupBy"
              }
            ],
            "orderBy": {
              "property": {
                "name": "time_index",
                "type": "string"
              },
              "type": "property"
            },
            "orderByDirection": "ASC",
            "whereJsonTree": {
              "children1": [
                {
                  "id": "aaaa9bb9-4567-489a-bcde-f18ee7a6c4ec",
                  "properties": {
                    "field": "time_index",
                    "fieldSrc": "field",
                    "operator": "macros",
                    "value": [
                      "timeFilter"
                    ],
                    "valueSrc": [
                      "value"
                    ],
                    "valueType": [
                      "datetime"
                    ]
                  },
                  "type": "rule"
                }
              ],
              "id": "9a89ab9b-0123-4456-b89a-b18ee79b94bf",
              "properties": {
                "conjunction": "AND"
              },
              "type": "group"
            },
            "whereString": "$__timeFilter(time_index)"
          },
          "table": "etlamp"
        }
      ],
      "title": "Luminosity Time Series",
      "type": "timeseries"
    },
    {
      "datasource": {
        "type": "grafana-postgresql-datasource",
        "uid": "${DS_CRATEDB}"
      },
      "fieldConfig": {
        "defaults": {
          "color": {
            "fixedColor": "#ccccdc",
            "mode": "continuous-RdYlGr"
          },
          "custom": {
            "fillOpacity": 70,
            "hideFrom": {
              "legend": false,
              "tooltip": false,
              "viz": false
            },
            "insertNulls": false,
            "lineWidth": 0,
            "spanNulls": 3600000
          },
          "mappings": [],
          "thresholds": {
            "mode": "percentage",
            "steps": [
              {
                "color": "green",
                "value": null
              },
              {
                "color": "dark-red",
                "value": 50
              }
            ]
          },
          "unit": "bool_yes_no"
        },
        "overrides": []
      },
      "gridPos": {
        "h": 8,
        "w": 12,
        "x": 12,
        "y": 0
      },
      "id": 2,
      "options": {
        "alignValue": "center",
        "legend": {
          "displayMode": "list",
          "placement": "bottom",
          "showLegend": true
        },
        "mergeValues": true,
        "rowHeight": 0.9,
        "showValue": "always",
        "tooltip": {
          "mode": "single",
          "sort": "none"
        }
      },
      "targets": [
        {
          "datasource": {
            "type": "grafana-postgresql-datasource",
            "uid": "${DS_CRATEDB}"
          },
          "editorMode": "builder",
          "format": "time_series",
          "rawSql": "SELECT time_index AS \"time\", count AS \".\", entity_id FROM etmotion WHERE $__timeFilter(time_index) ORDER BY time_index ASC ",
          "refId": "B",
          "sql": {
            "columns": [
              {
                "alias": "\"time\"",
                "parameters": [
                  {
                    "name": "time_index",
                    "type": "functionParameter"
                  }
                ],
                "type": "function"
              },
              {
                "alias": "\".\"",
                "parameters": [
                  {
                    "name": "count",
                    "type": "functionParameter"
                  }
                ],
                "type": "function"
              },
              {
                "parameters": [
                  {
                    "name": "entity_id",
                    "type": "functionParameter"
                  }
                ],
                "type": "function"
              }
            ],
            "groupBy": [
              {
                "property": {
                  "type": "string"
                },
                "type": "groupBy"
              }
            ],
            "orderBy": {
              "property": {
                "name": [
                  "time_index"
                ],
                "type": "string"
              },
              "type": "property"
            },
            "orderByDirection": "ASC",
            "whereJsonTree": {
              "children1": [
                {
                  "id": "ba9babb8-4567-489a-bcde-f18eecfa0e71",
                  "properties": {
                    "field": "time_index",
                    "fieldSrc": "field",
                    "operator": "macros",
                    "value": [
                      "timeFilter"
                    ],
                    "valueSrc": [
                      "value"
                    ],
                    "valueType": [
                      "datetime"
                    ]
                  },
                  "type": "rule"
                }
              ],
              "id": "99b89b98-0123-4456-b89a-b18eecf147e6",
              "type": "group"
            },
            "whereString": "$__timeFilter(time_index)"
          },
          "table": "etmotion"
        }
      ],
      "title": "Motion Detection",
      "type": "state-timeline"
    },
    {
      "datasource": {
        "type": "grafana-postgresql-datasource",
        "uid": "${DS_CRATEDB}"
      },
      "description": "",
      "fieldConfig": {
        "defaults": {
          "color": {
            "fixedColor": "#ccccdc",
            "mode": "thresholds"
          },
          "custom": {
            "fillOpacity": 70,
            "hideFrom": {
              "legend": false,
              "tooltip": false,
              "viz": false
            },
            "insertNulls": false,
            "lineWidth": 0,
            "spanNulls": 3600000
          },
          "mappings": [
            {
              "options": {
                "CLOSED": {
                  "color": "yellow",
                  "index": 0,
                  "text": "CL"
                },
                "LOCKED": {
                  "color": "red",
                  "index": 2,
                  "text": "LK"
                },
                "OPEN": {
                  "color": "green",
                  "index": 1,
                  "text": "OP"
                }
              },
              "type": "value"
            }
          ],
          "thresholds": {
            "mode": "percentage",
            "steps": [
              {
                "color": "green",
                "value": null
              }
            ]
          },
          "unit": "bool_yes_no"
        },
        "overrides": []
      },
      "gridPos": {
        "h": 8,
        "w": 12,
        "x": 0,
        "y": 8
      },
      "id": 5,
      "options": {
        "alignValue": "center",
        "legend": {
          "displayMode": "list",
          "placement": "bottom",
          "showLegend": true
        },
        "mergeValues": true,
        "rowHeight": 0.9,
        "showValue": "always",
        "tooltip": {
          "mode": "single",
          "sort": "none"
        }
      },
      "targets": [
        {
          "datasource": {
            "type": "grafana-postgresql-datasource",
            "uid": "${DS_CRATEDB}"
          },
          "editorMode": "builder",
          "format": "time_series",
          "rawSql": "SELECT entity_id, state AS \".\", time_index AS \"time\" FROM etdoor WHERE $__timeFilter(time_index) ",
          "refId": "B",
          "sql": {
            "columns": [
              {
                "parameters": [
                  {
                    "name": "entity_id",
                    "type": "functionParameter"
                  }
                ],
                "type": "function"
              },
              {
                "alias": "\".\"",
                "parameters": [
                  {
                    "name": "state",
                    "type": "functionParameter"
                  }
                ],
                "type": "function"
              },
              {
                "alias": "\"time\"",
                "parameters": [
                  {
                    "name": "time_index",
                    "type": "functionParameter"
                  }
                ],
                "type": "function"
              }
            ],
            "groupBy": [
              {
                "property": {
                  "type": "string"
                },
                "type": "groupBy"
              }
            ],
            "whereJsonTree": {
              "children1": [
                {
                  "id": "8aa8aabb-cdef-4012-b456-718f0626a6b3",
                  "properties": {
                    "field": "time_index",
                    "fieldSrc": "field",
                    "operator": "macros",
                    "value": [
                      "timeFilter"
                    ],
                    "valueSrc": [
                      "value"
                    ],
                    "valueType": [
                      "datetime"
                    ]
                  },
                  "type": "rule"
                }
              ],
              "id": "99b89b98-0123-4456-b89a-b18eecf147e6",
              "type": "group"
            },
            "whereString": "$__timeFilter(time_index)"
          },
          "table": "etdoor"
        }
      ],
      "title": "Door Status",
      "transformations": [
        {
          "id": "partitionByValues",
          "options": {
            "fields": [
              "entity_id"
            ],
            "keepFields": false,
            "naming": {
              "asLabels": true
            }
          }
        }
      ],
      "type": "state-timeline"
    },
    {
      "datasource": {
        "type": "grafana-postgresql-datasource",
        "uid": "${DS_CRATEDB}"
      },
      "fieldConfig": {
        "defaults": {
          "color": {
            "mode": "continuous-RdYlGr"
          },
          "mappings": [],
          "thresholds": {
            "mode": "absolute",
            "steps": [
              {
                "color": "green",
                "value": null
              },
              {
                "color": "red",
                "value": 80
              }
            ]
          },
          "unit": "lumens"
        },
        "overrides": []
      },
      "gridPos": {
        "h": 8,
        "w": 12,
        "x": 12,
        "y": 8
      },
      "id": 3,
      "options": {
        "basemap": {
          "config": {},
          "type": "osm-standard"
        },
        "controls": {
          "mouseWheelZoom": true,
          "showAttribution": true,
          "showDebug": false,
          "showLayercontrol": true,
          "showScale": false,
          "showZoom": true
        },
        "layers": [
          {
            "config": {
              "cluster": false,
              "clusterDistance": 20,
              "clusterMinDistance": 0,
              "clusterValue": "size",
              "color": {
                "fixed": "dark-green"
              },
              "enableGradient": false,
              "enableShadow": false,
              "fillOpacity": 0.3,
              "iconSize": 20,
              "pinShape": "marker",
              "selectIcon": "fa-lightbulb-o",
              "shape": "circle",
              "showLegend": true,
              "showPin": true,
              "size": {
                "field": "luminosity",
                "fixed": 5,
                "max": 15,
                "min": 2
              }
            },
            "displayProperties": [
              "time_index",
              "entity_id",
              "luminosity"
            ],
            "location": {
              "mode": "auto"
            },
            "name": "Luminosity Map",
            "query": "A",
            "type": "markers"
          }
        ],
        "view": {
          "id": "coords",
          "lat": 52.507886,
          "lon": 13.393926,
          "zoom": 11.8
        }
      },
      "targets": [
        {
          "datasource": {
            "type": "grafana-postgresql-datasource",
            "uid": "${DS_CRATEDB}"
          },
          "editorMode": "builder",
          "format": "table",
          "rawSql": "SELECT time_index, entity_id, location, luminosity FROM etlamp WHERE $__timeFilter(time_index) ORDER BY time_index ASC ",
          "refId": "A",
          "sql": {
            "columns": [
              {
                "parameters": [
                  {
                    "name": "time_index",
                    "type": "functionParameter"
                  }
                ],
                "type": "function"
              },
              {
                "parameters": [
                  {
                    "name": "entity_id",
                    "type": "functionParameter"
                  }
                ],
                "type": "function"
              },
              {
                "parameters": [
                  {
                    "name": "location",
                    "type": "functionParameter"
                  }
                ],
                "type": "function"
              },
              {
                "parameters": [
                  {
                    "name": "luminosity",
                    "type": "functionParameter"
                  }
                ],
                "type": "function"
              }
            ],
            "groupBy": [
              {
                "property": {
                  "type": "string"
                },
                "type": "groupBy"
              }
            ],
            "orderBy": {
              "property": {
                "name": "time_index",
                "type": "string"
              },
              "type": "property"
            },
            "orderByDirection": "ASC",
            "whereJsonTree": {
              "children1": [
                {
                  "id": "98a9aaab-cdef-4012-b456-718eed050b16",
                  "properties": {
                    "field": "time_index",
                    "fieldSrc": "field",
                    "operator": "macros",
                    "value": [
                      "timeFilter"
                    ],
                    "valueSrc": [
                      "value"
                    ],
                    "valueType": [
                      "datetime"
                    ]
                  },
                  "type": "rule"
                }
              ],
              "id": "99b89b98-0123-4456-b89a-b18eecf147e6",
              "type": "group"
            },
            "whereString": "$__timeFilter(time_index)"
          },
          "table": "etlamp"
        }
      ],
      "title": "Luminosity Map",
      "type": "orchestracities-map-panel"
    },
    {
      "datasource": {
        "type": "grafana-postgresql-datasource",
        "uid": "${DS_CRATEDB}"
      },
      "description": "",
      "fieldConfig": {
        "defaults": {
          "color": {
            "mode": "thresholds"
          },
          "mappings": [],
          "thresholds": {
            "mode": "percentage",
            "steps": [
              {
                "color": "dark-red",
                "value": null
              },
              {
                "color": "#EAB839",
                "value": 50
              },
              {
                "color": "green",
                "value": 75
              }
            ]
          },
          "unit": "lumens"
        },
        "overrides": [
          {
            "matcher": {
              "id": "byName",
              "options": ". Lamp:001"
            },
            "properties": [
              {
                "id": "displayName",
                "value": "Lamp 1"
              }
            ]
          },
          {
            "matcher": {
              "id": "byName",
              "options": ". Lamp:002"
            },
            "properties": [
              {
                "id": "displayName",
                "value": "Lamp 2"
              }
            ]
          },
          {
            "matcher": {
              "id": "byName",
              "options": ". Lamp:003"
            },
            "properties": [
              {
                "id": "displayName",
                "value": "Lamp 3"
              }
            ]
          },
          {
            "matcher": {
              "id": "byName",
              "options": ". Lamp:004"
            },
            "properties": [
              {
                "id": "displayName",
                "value": "Lamp 4"
              }
            ]
          }
        ]
      },
      "gridPos": {
        "h": 8,
        "w": 12,
        "x": 0,
        "y": 16
      },
      "id": 6,
      "options": {
        "minVizHeight": 75,
        "minVizWidth": 75,
        "orientation": "vertical",
        "reduceOptions": {
          "calcs": [
            "lastNotNull"
          ],
          "fields": "",
          "values": false
        },
        "showThresholdLabels": false,
        "showThresholdMarkers": true,
        "sizing": "auto"
      },
      "pluginVersion": "10.4.1",
      "targets": [
        {
          "datasource": {
            "type": "grafana-postgresql-datasource",
            "uid": "${DS_CRATEDB}"
          },
          "editorMode": "builder",
          "format": "time_series",
          "rawSql": "SELECT entity_id, luminosity AS \".\", time_index AS \"time\" FROM etlamp WHERE $__timeFilter(time_index) ORDER BY time_index ASC ",
          "refId": "A",
          "sql": {
            "columns": [
              {
                "parameters": [
                  {
                    "name": "entity_id",
                    "type": "functionParameter"
                  }
                ],
                "type": "function"
              },
              {
                "alias": "\".\"",
                "parameters": [
                  {
                    "name": "luminosity",
                    "type": "functionParameter"
                  }
                ],
                "type": "function"
              },
              {
                "alias": "\"time\"",
                "parameters": [
                  {
                    "name": "time_index",
                    "type": "functionParameter"
                  }
                ],
                "type": "function"
              }
            ],
            "groupBy": [],
            "orderBy": {
              "property": {
                "name": "time_index",
                "type": "string"
              },
              "type": "property"
            },
            "orderByDirection": "ASC",
            "whereJsonTree": {
              "children1": [
                {
                  "id": "8bbba9b9-cdef-4012-b456-718f0bbabe73",
                  "properties": {
                    "field": "time_index",
                    "fieldSrc": "field",
                    "operator": "macros",
                    "value": [
                      "timeFilter"
                    ],
                    "valueSrc": [
                      "value"
                    ],
                    "valueType": [
                      "datetime"
                    ]
                  },
                  "type": "rule"
                }
              ],
              "id": "baba9a9a-0123-4456-b89a-b18f0647f1ff",
              "type": "group"
            },
            "whereString": "$__timeFilter(time_index)"
          },
          "table": "etlamp"
        }
      ],
      "title": "Panel Luminosity Gauges",
      "type": "gauge"
    },
    {
      "datasource": {
        "type": "grafana-postgresql-datasource",
        "uid": "${DS_CRATEDB}"
      },
      "fieldConfig": {
        "defaults": {
          "color": {
            "mode": "thresholds"
          },
          "mappings": [],
          "thresholds": {
            "mode": "percentage",
            "steps": [
              {
                "color": "red",
                "value": null
              },
              {
                "color": "yellow",
                "value": 40
              },
              {
                "color": "green",
                "value": 70
              }
            ]
          },
          "unit": "lumens"
        },
        "overrides": [
          {
            "matcher": {
              "id": "byName",
              "options": ". Lamp:001"
            },
            "properties": [
              {
                "id": "displayName",
                "value": "Lamp 1"
              }
            ]
          },
          {
            "matcher": {
              "id": "byName",
              "options": ". Lamp:002"
            },
            "properties": [
              {
                "id": "displayName",
                "value": "Lamp 2"
              }
            ]
          },
          {
            "matcher": {
              "id": "byName",
              "options": ". Lamp:003"
            },
            "properties": [
              {
                "id": "displayName",
                "value": "Lamp 3"
              }
            ]
          },
          {
            "matcher": {
              "id": "byName",
              "options": ". Lamp:004"
            },
            "properties": [
              {
                "id": "displayName",
                "value": "Lamp 4"
              }
            ]
          }
        ]
      },
      "gridPos": {
        "h": 8,
        "w": 12,
        "x": 12,
        "y": 16
      },
      "id": 7,
      "options": {
        "displayMode": "gradient",
        "maxVizHeight": 300,
        "minVizHeight": 16,
        "minVizWidth": 8,
        "namePlacement": "auto",
        "orientation": "horizontal",
        "reduceOptions": {
          "calcs": [
            "lastNotNull"
          ],
          "fields": "",
          "values": false
        },
        "showUnfilled": true,
        "sizing": "auto",
        "valueMode": "color"
      },
      "pluginVersion": "10.4.1",
      "targets": [
        {
          "datasource": {
            "type": "grafana-postgresql-datasource",
            "uid": "${DS_CRATEDB}"
          },
          "editorMode": "builder",
          "format": "time_series",
          "rawSql": "SELECT entity_id, luminosity AS \".\", time_index AS \"time\" FROM etlamp WHERE $__timeFilter(time_index) ORDER BY time_index ASC LIMIT null ",
          "refId": "A",
          "sql": {
            "columns": [
              {
                "parameters": [
                  {
                    "name": "entity_id",
                    "type": "functionParameter"
                  }
                ],
                "type": "function"
              },
              {
                "alias": "\".\"",
                "parameters": [
                  {
                    "name": "luminosity",
                    "type": "functionParameter"
                  }
                ],
                "type": "function"
              },
              {
                "alias": "\"time\"",
                "parameters": [
                  {
                    "name": "time_index",
                    "type": "functionParameter"
                  }
                ],
                "type": "function"
              }
            ],
            "groupBy": [
              {
                "property": {
                  "type": "string"
                },
                "type": "groupBy"
              }
            ],
            "orderBy": {
              "property": {
                "name": [
                  "time_index"
                ],
                "type": "string"
              },
              "type": "property"
            },
            "orderByDirection": "ASC",
            "whereJsonTree": {
              "children1": [
                {
                  "id": "8999aa98-89ab-4cde-b012-318f0bad4c97",
                  "properties": {
                    "field": "time_index",
                    "fieldSrc": "field",
                    "operator": "macros",
                    "value": [
                      "timeFilter"
                    ],
                    "valueSrc": [
                      "value"
                    ],
                    "valueType": [
                      "datetime"
                    ]
                  },
                  "type": "rule"
                }
              ],
              "id": "baba9a9a-0123-4456-b89a-b18f0647f1ff",
              "type": "group"
            },
            "whereString": "$__timeFilter(time_index)"
          },
          "table": "etlamp"
        }
      ],
      "title": "panel Luminosity Bar Gauges",
      "transformations": [
        {
          "id": "partitionByValues",
          "options": {
            "fields": [],
            "keepFields": false,
            "naming": {
              "asLabels": true
            }
          }
        }
      ],
      "type": "bargauge"
    },
    {
      "datasource": {
        "type": "grafana-postgresql-datasource",
        "uid": "${DS_CRATEDB}"
      },
      "description": "\n",
      "fieldConfig": {
        "defaults": {
          "color": {
            "mode": "continuous-RdYlGr"
          },
          "fieldMinMax": false,
          "mappings": [],
          "thresholds": {
            "mode": "absolute",
            "steps": [
              {
                "color": "green"
              }
            ]
          },
          "unit": "bool_yes_no"
        },
        "overrides": []
      },
      "gridPos": {
        "h": 8,
        "w": 12,
        "x": 7,
        "y": 24
      },
      "id": 8,
      "options": {
        "inlineEditing": true,
        "panZoom": false,
        "root": {
          "background": {
            "color": {
              "fixed": "transparent"
            },
            "image": {
              "field": "",
              "fixed": "",
              "mode": "fixed"
            },
            "size": "fill"
          },
          "border": {
            "color": {
              "fixed": "dark-green"
            }
          },
          "constraint": {
            "horizontal": "left",
            "vertical": "top"
          },
          "elements": [
            {
              "background": {
                "color": {
                  "fixed": "transparent"
                },
                "image": {
                  "field": "",
                  "fixed": "",
                  "mode": "field"
                },
                "size": "original"
              },
              "border": {
                "color": {
                  "fixed": "dark-green"
                }
              },
              "config": {
                "fill": {
                  "field": ". Motion:001",
                  "fixed": "#D9D9D9"
                },
                "path": {
                  "fixed": "img/icons/unicons/star.svg",
                  "mode": "fixed"
                }
              },
              "constraint": {
                "horizontal": "left",
                "vertical": "top"
              },
              "name": "MOTION1",
              "placement": {
                "height": 100,
                "left": 32,
                "top": 12,
                "width": 100
              },
              "type": "icon"
            },
            {
              "background": {
                "color": {
                  "fixed": "transparent"
                },
                "image": {
                  "fixed": ""
                }
              },
              "border": {
                "color": {
                  "fixed": "dark-green"
                }
              },
              "config": {
                "fill": {
                  "field": ". Motion:002",
                  "fixed": "#D9D9D9"
                },
                "path": {
                  "field": ".",
                  "fixed": "img/icons/unicons/star.svg",
                  "mode": "fixed"
                }
              },
              "constraint": {
                "horizontal": "left",
                "vertical": "top"
              },
              "name": "MOTION2",
              "placement": {
                "height": 100,
                "left": 180,
                "top": 12,
                "width": 100
              },
              "type": "icon"
            },
            {
              "background": {
                "color": {
                  "fixed": "transparent"
                },
                "image": {
                  "field": "",
                  "fixed": "",
                  "mode": "field"
                },
                "size": "original"
              },
              "border": {
                "color": {
                  "fixed": "dark-green"
                }
              },
              "config": {
                "fill": {
                  "field": ". Motion:003",
                  "fixed": "#D9D9D9"
                },
                "path": {
                  "fixed": "img/icons/unicons/star.svg",
                  "mode": "fixed"
                }
              },
              "constraint": {
                "horizontal": "left",
                "vertical": "top"
              },
              "name": "MOTION3",
              "placement": {
                "height": 100,
                "left": 328,
                "top": 12,
                "width": 100
              },
              "type": "icon"
            },
            {
              "background": {
                "color": {
                  "fixed": "transparent"
                }
              },
              "border": {
                "color": {
                  "fixed": "dark-green"
                }
              },
              "config": {
                "fill": {
                  "field": ". Motion:004",
                  "fixed": "#D9D9D9"
                },
                "path": {
                  "field": "",
                  "fixed": "img/icons/unicons/star.svg",
                  "mode": "fixed"
                }
              },
              "constraint": {
                "horizontal": "left",
                "vertical": "top"
              },
              "name": "MOTION4",
              "placement": {
                "height": 100,
                "left": 476,
                "top": 12,
                "width": 100
              },
              "type": "icon"
            },
            {
              "background": {
                "color": {
                  "fixed": "transparent"
                }
              },
              "border": {
                "color": {
                  "fixed": "dark-green"
                }
              },
              "config": {
                "align": "center",
                "color": {
                  "fixed": "rgb(204, 204, 220)"
                },
                "size": 16,
                "text": {
                  "fixed": "Motion 1"
                },
                "valign": "middle"
              },
              "constraint": {
                "horizontal": "left",
                "vertical": "top"
              },
              "name": "NAME1",
              "placement": {
                "height": 50,
                "left": 32,
                "top": 112,
                "width": 100
              },
              "type": "text"
            },
            {
              "background": {
                "color": {
                  "fixed": "transparent"
                }
              },
              "border": {
                "color": {
                  "fixed": "dark-green"
                }
              },
              "config": {
                "align": "center",
                "color": {
                  "fixed": "rgb(204, 204, 220)"
                },
                "size": 16,
                "text": {
                  "fixed": "Motion 2"
                },
                "valign": "middle"
              },
              "constraint": {
                "horizontal": "left",
                "vertical": "top"
              },
              "name": "NAME2",
              "placement": {
                "height": 50,
                "left": 180,
                "top": 112,
                "width": 100
              },
              "type": "text"
            },
            {
              "background": {
                "color": {
                  "fixed": "transparent"
                }
              },
              "border": {
                "color": {
                  "fixed": "dark-green"
                }
              },
              "config": {
                "align": "center",
                "color": {
                  "fixed": "rgb(204, 204, 220)"
                },
                "size": 16,
                "text": {
                  "fixed": "Motion 3"
                },
                "valign": "middle"
              },
              "constraint": {
                "horizontal": "left",
                "vertical": "top"
              },
              "name": "NAME3",
              "placement": {
                "height": 50,
                "left": 328,
                "top": 112,
                "width": 100
              },
              "type": "text"
            },
            {
              "background": {
                "color": {
                  "fixed": "transparent"
                }
              },
              "border": {
                "color": {
                  "fixed": "dark-green"
                }
              },
              "config": {
                "align": "center",
                "color": {
                  "fixed": "rgb(204, 204, 220)"
                },
                "size": 16,
                "text": {
                  "fixed": "Motion 4"
                },
                "valign": "middle"
              },
              "constraint": {
                "horizontal": "left",
                "vertical": "top"
              },
              "name": "NAME4",
              "placement": {
                "height": 50,
                "left": 476,
                "top": 112,
                "width": 100
              },
              "type": "text"
            }
          ],
          "name": "Element 1713974531528",
          "placement": {
            "height": 100,
            "left": 0,
            "top": 0,
            "width": 100
          },
          "type": "frame"
        },
        "showAdvancedTypes": true
      },
      "pluginVersion": "10.4.1",
      "targets": [
        {
          "datasource": {
            "type": "grafana-postgresql-datasource",
            "uid": "${DS_CRATEDB}"
          },
          "editorMode": "builder",
          "format": "time_series",
          "rawSql": "SELECT entity_id, time_index AS \"time\", count AS \".\" FROM etmotion WHERE $__timeFilter(time_index) ORDER BY time_index ASC LIMIT null ",
          "refId": "A",
          "sql": {
            "columns": [
              {
                "parameters": [
                  {
                    "name": "entity_id",
                    "type": "functionParameter"
                  }
                ],
                "type": "function"
              },
              {
                "alias": "\"time\"",
                "parameters": [
                  {
                    "name": "time_index",
                    "type": "functionParameter"
                  }
                ],
                "type": "function"
              },
              {
                "alias": "\".\"",
                "parameters": [
                  {
                    "name": "count",
                    "type": "functionParameter"
                  }
                ],
                "type": "function"
              }
            ],
            "groupBy": [
              {
                "property": {
                  "type": "string"
                },
                "type": "groupBy"
              }
            ],
            "orderBy": {
              "property": {
                "name": [
                  "time_index"
                ],
                "type": "string"
              },
              "type": "property"
            },
            "orderByDirection": "ASC",
            "whereJsonTree": {
              "children1": [
                {
                  "id": "b999999b-4567-489a-bcde-f18f1c3e868c",
                  "properties": {
                    "field": "time_index",
                    "fieldSrc": "field",
                    "operator": "macros",
                    "value": [
                      "timeFilter"
                    ],
                    "valueSrc": [
                      "value"
                    ],
                    "valueType": [
                      "datetime"
                    ]
                  },
                  "type": "rule"
                }
              ],
              "id": "8ba9988a-0123-4456-b89a-b18f1c3dba21",
              "type": "group"
            },
            "whereString": "$__timeFilter(time_index)"
          },
          "table": "etmotion"
        }
      ],
      "title": "Panel Last Motion Detection",
      "type": "canvas"
    }
  ],
  "schemaVersion": 39,
  "tags": [],
  "templating": {
    "list": []
  },
  "time": {
    "from": "now-1m",
    "to": "now"
  },
  "timepicker": {},
  "timezone": "browser",
  "title": "FIWARE Smart Store",
  "uid": "bdix7a57xuha8e",
  "version": 2,
  "weekStart": ""
}